item_count,selection_method,route_time_min_mean,route_time_min_std,route_time_min_min,route_time_min_max,route_time_min_median,objective_score_mean,objective_score_std,objective_score_min,objective_score_max,objective_score_median,unique_items_visited_mean,unique_items_visited_std,unique_items_visited_min,unique_items_visited_max,unique_items_visited_median,time_efficiency_mean,time_efficiency_std,time_efficiency_min,time_efficiency_max,time_efficiency_median,items_per_minute_mean,items_per_minute_std,items_per_minute_min,items_per_minute_max,items_per_minute_median,category_diversity_mean,category_diversity_std,category_diversity_min,category_diversity_max,category_diversity_median,optimization_time_sec_mean,optimization_time_sec_std,optimization_time_sec_min,optimization_time_sec_max,optimization_time_sec_median,total_cost_mean,total_cost_std,total_cost_min,total_cost_max,total_cost_median,avg_recommendation_score_mean,avg_recommendation_score_std,avg_recommendation_score_min,avg_recommendation_score_max,avg_recommendation_score_median,route_distance_m_mean,route_distance_m_std,route_distance_m_min,route_distance_m_max,route_distance_m_median,total_visit_time_min_mean,total_visit_time_min_std,total_visit_time_min_min,total_visit_time_min_max,total_visit_time_min_median,avg_visit_time_per_item_min_mean,avg_visit_time_per_item_min_std,avg_visit_time_per_item_min_min,avg_visit_time_per_item_min_max,avg_visit_time_per_item_min_median,revisit_rate_mean,revisit_rate_std,revisit_rate_min,revisit_rate_max,revisit_rate_median,percent_time_budget_used_mean,percent_time_budget_used_std,percent_time_budget_used_min,percent_time_budget_used_max,percent_time_budget_used_median,high_pref_items_pct_mean,high_pref_items_pct_std,high_pref_items_pct_min,high_pref_items_pct_max,high_pref_items_pct_median,movement_time_min_mean,movement_time_min_std,movement_time_min_min,movement_time_min_max,movement_time_min_median,walk_distance_total_mean,walk_distance_total_std,walk_distance_total_min,walk_distance_total_max,walk_distance_total_median,visit_time_total_min_mean,visit_time_total_min_std,visit_time_total_min_min,visit_time_total_min_max,visit_time_total_min_median,avg_visit_time_per_item_mean,avg_visit_time_per_item_std,avg_visit_time_per_item_min,avg_visit_time_per_item_max,avg_visit_time_per_item_median,budget_overrun_min_mean,budget_overrun_min_std,budget_overrun_min_min,budget_overrun_min_max,budget_overrun_min_median
2,balanced,10.5912,0.0,10.5912,10.5912,10.5912,0.7898,0.0,0.7898,0.7898,0.7898,6.0,0.0,6,6,6.0,0.7646,0.0,0.7646,0.7646,0.7646,0.5665,0.0,0.5665,0.5665,0.5665,5.0,0.0,5,5,5.0,0.0001,0.0,0.0001,0.0003,0.0001,25.2,0.0,25.2,25.2,25.2,0.7333,0.0,0.7333,0.7333,0.7333,60.387,0.0,60.387,60.387,60.387,8.2083,0.0,8.2083,8.2083,8.2083,1.3681,0.0,1.3681,1.3681,1.3681,0.0,0.0,0.0,0.0,0.0,23.5359,0.0,23.5359,23.5359,23.5359,0.5,0.0,0.5,0.5,0.5,0.8922,0.0,0.8922,0.8922,0.8922,60.387,0.0,60.387,60.387,60.387,9.699,0.0,9.699,9.699,9.699,1.6165,0.0,1.6165,1.6165,1.6165,0.0,0.0,0.0,0.0,0.0
2,category_diverse,9.9876,0.0,9.9876,9.9876,9.9876,0.7172,0.0,0.7172,0.7172,0.7172,6.0,0.0,6,6,6.0,0.7781,0.0,0.7781,0.7781,0.7781,0.6007,0.0,0.6007,0.6007,0.6007,6.0,0.0,6,6,6.0,0.0002,0.0,0.0001,0.0002,0.0002,25.8,0.0,25.8,25.8,25.8,0.7367,0.0,0.7367,0.7367,0.7367,65.3575,0.0,65.3575,65.3575,65.3575,9.0397,0.0,9.0397,9.0397,9.0397,1.5066,0.0,1.5066,1.5066,1.5066,0.0,0.0,0.0,0.0,0.0,22.1948,0.0,22.1948,22.1948,22.1948,0.3333,0.0,0.3333,0.3333,0.3333,0.948,0.0,0.948,0.948,0.948,65.3575,0.0,65.3575,65.3575,65.3575,9.0397,0.0,9.0397,9.0397,9.0397,1.5066,0.0,1.5066,1.5066,1.5066,0.0,0.0,0.0,0.0,0.0
2,high_preference,9.4518,0.0,9.4518,9.4518,9.4518,0.8272,0.0,0.8272,0.8272,0.8272,6.0,0.0,6,6,6.0,0.79,0.0,0.79,0.79,0.79,0.6348,0.0,0.6348,0.6348,0.6348,4.0,0.0,4,4,4.0,0.0001,0.0,0.0001,0.0002,0.0001,28.7,0.0,28.7,28.7,28.7,0.75,0.0,0.75,0.75,0.75,56.4853,0.0,56.4853,56.4853,56.4853,8.6087,0.0,8.6087,8.6087,8.6087,1.4348,0.0,1.4348,1.4348,1.4348,0.0,0.0,0.0,0.0,0.0,21.004,0.0,21.004,21.004,21.004,0.5,0.0,0.5,0.5,0.5,0.8431,0.0,0.8431,0.8431,0.8431,56.4853,0.0,56.4853,56.4853,56.4853,8.6087,0.0,8.6087,8.6087,8.6087,1.4348,0.0,1.4348,1.4348,1.4348,0.0,0.0,0.0,0.0,0.0
2,mixed,11.1527,1.4676,8.5588,14.3171,10.8888,0.7071,0.0364,0.6254,0.8272,0.699,6.19,1.1073,4,8,6.0,0.7522,0.0326,0.6818,0.8098,0.758,0.5536,0.0565,0.4575,0.6429,0.579,4.83,0.7921,4,6,5.0,0.0001,0.0,0.0001,0.0002,0.0001,29.025,7.7498,15.3,46.6,31.5,0.6589,0.0677,0.544,0.78,0.6757,64.1503,6.8851,56.4853,80.8723,61.4558,8.6978,2.3809,4.4207,12.4278,9.3152,1.3831,0.2063,1.0433,1.7754,1.4532,0.0,0.0,0.0,0.0,0.0,24.7838,3.2614,19.0196,31.8157,24.1974,0.3228,0.1272,0.1667,0.7143,0.2857,0.9392,0.1008,0.8261,1.1742,0.8976,64.1503,6.8851,56.4853,80.8723,61.4558,10.2135,1.3982,7.69,13.3153,9.7707,1.6714,0.1799,1.3958,2.0064,1.59,0.0,0.0,0.0,0.0,0.0
2,random,10.9689,2.5701,5.6999,19.0473,10.5645,0.6714,0.0541,0.5595,0.8272,0.6629,5.81,1.178,3,8,6.0,0.7562,0.0571,0.5767,0.8733,0.7652,0.5364,0.0646,0.3908,0.7018,0.5334,4.78,0.9275,2,7,5.0,0.0002,0.0,0.0001,0.0005,0.0001,29.693,10.7615,10.5,63.3,28.85,0.624,0.059,0.4167,0.754,0.6217,65.7866,7.721,54.9737,89.3575,63.8738,8.4103,2.5516,2.4423,15.3438,8.5658,1.4271,0.2336,0.784,1.918,1.4224,0.0,0.0,0.0,0.0,0.0,24.3754,5.7114,12.6664,42.3274,23.4766,0.2246,0.149,0.0,0.5714,0.25,0.9714,0.1128,0.8062,1.3186,0.9501,65.7866,7.721,54.9737,89.3575,63.8738,9.9976,2.5263,4.69,17.9873,9.5788,1.7184,0.2259,1.1725,2.3751,1.7174,0.0,0.0,0.0,0.0,0.0
2,time_efficient,10.3989,0.0,10.3989,10.3989,10.3989,0.7931,0.0,0.7931,0.7931,0.7931,6.0,0.0,6,6,6.0,0.7689,0.0,0.7689,0.7689,0.7689,0.577,0.0,0.577,0.577,0.577,6.0,0.0,6,6,6.0,0.0001,0.0,0.0001,0.0002,0.0001,21.3,0.0,21.3,21.3,21.3,0.6917,0.0,0.6917,0.6917,0.6917,60.387,0.0,60.387,60.387,60.387,7.9973,0.0,7.9973,7.9973,7.9973,1.3329,0.0,1.3329,1.3329,1.3329,0.0,0.0,0.0,0.0,0.0,23.1087,0.0,23.1087,23.1087,23.1087,0.5,0.0,0.5,0.5,0.5,0.9109,0.0,0.9109,0.9109,0.9109,60.387,0.0,60.387,60.387,60.387,9.488,0.0,9.488,9.488,9.488,1.5813,0.0,1.5813,1.5813,1.5813,0.0,0.0,0.0,0.0,0.0
3,balanced,10.3989,0.0,10.3989,10.3989,10.3989,0.7931,0.0,0.7931,0.7931,0.7931,6.0,0.0,6,6,6.0,0.7689,0.0,0.7689,0.7689,0.7689,0.577,0.0,0.577,0.577,0.577,6.0,0.0,6,6,6.0,0.0002,0.0,0.0001,0.0002,0.0001,21.3,0.0,21.3,21.3,21.3,0.6917,0.0,0.6917,0.6917,0.6917,60.387,0.0,60.387,60.387,60.387,7.9973,0.0,7.9973,7.9973,7.9973,1.3329,0.0,1.3329,1.3329,1.3329,0.0,0.0,0.0,0.0,0.0,23.1087,0.0,23.1087,23.1087,23.1087,0.5,0.0,0.5,0.5,0.5,0.9109,0.0,0.9109,0.9109,0.9109,60.387,0.0,60.387,60.387,60.387,9.488,0.0,9.488,9.488,9.488,1.5813,0.0,1.5813,1.5813,1.5813,0.0,0.0,0.0,0.0,0.0
3,category_diverse,11.8544,0.0,11.8544,11.8544,11.8544,0.7144,0.0,0.7144,0.7144,0.7144,7.0,0.0,7,7,7.0,0.7366,0.0,0.7366,0.7366,0.7366,0.5905,0.0,0.5905,0.5905,0.5905,7.0,0.0,7,7,7.0,0.0002,0.0,0.0002,0.0003,0.0002,29.3,0.0,29.3,29.3,29.3,0.6814,0.0,0.6814,0.6814,0.6814,77.3575,0.0,77.3575,77.3575,77.3575,9.7237,0.0,9.7237,9.7237,9.7237,1.3891,0.0,1.3891,1.3891,1.3891,0.0,0.0,0.0,0.0,0.0,26.343,0.0,26.343,26.343,26.343,0.2857,0.0,0.2857,0.2857,0.2857,1.1227,0.0,1.1227,1.1227,1.1227,77.3575,0.0,77.3575,77.3575,77.3575,10.7317,0.0,10.7317,10.7317,10.7317,1.5331,0.0,1.5331,1.5331,1.5331,0.0,0.0,0.0,0.0,0.0
3,high_preference,14.0395,0.0,14.0395,14.0395,14.0395,0.8401,0.0,0.8401,0.8401,0.8401,8.0,0.0,8,8,8.0,0.688,0.0,0.688,0.688,0.688,0.5698,0.0,0.5698,0.5698,0.5698,5.0,0.0,5,5,5.0,0.0002,0.0,0.0001,0.0002,0.0001,36.2,0.0,36.2,36.2,36.2,0.7125,0.0,0.7125,0.7125,0.7125,68.4853,0.0,68.4853,68.4853,68.4853,11.244,0.0,11.244,11.244,11.244,1.4055,0.0,1.4055,1.4055,1.4055,0.0,0.0,0.0,0.0,0.0,31.199,0.0,31.199,31.199,31.199,0.375,0.0,0.375,0.375,0.375,1.0152,0.0,1.0152,1.0152,1.0152,68.4853,0.0,68.4853,68.4853,68.4853,13.0243,0.0,13.0243,13.0243,13.0243,1.628,0.0,1.628,1.628,1.628,0.0,0.0,0.0,0.0,0.0
3,mixed,10.6227,1.7037,7.8693,16.1184,10.2401,0.8031,0.04,0.7037,0.9008,0.8065,6.24,1.1817,4,9,6.0,0.7639,0.0379,0.6418,0.8251,0.7724,0.5867,0.0574,0.4883,0.6863,0.6085,4.87,0.787,4,6,5.0,0.0002,0.0,0.0001,0.0002,0.0002,25.283,8.1593,11.3,42.6,27.05,0.715,0.059,0.614,0.83,0.7257,64.6128,7.4344,56.4853,87.9017,61.4558,8.0864,2.5258,3.7142,14.128,8.6087,1.2678,0.2244,0.902,1.6745,1.3622,0.002,0.0141,0.0,0.1,0.0,23.6061,3.7859,17.4873,35.8187,22.7558,0.4858,0.1141,0.3333,0.8571,0.5,0.962,0.1082,0.8431,1.2904,0.9146,64.6128,7.4344,56.4853,87.9017,61.4558,9.6608,1.6245,6.9835,14.828,9.3255,1.5638,0.1597,1.2949,1.8651,1.4999,0.0,0.0,0.0,0.0,0.0
3,random,13.3086,2.8079,7.8734,20.3281,13.0617,0.6727,0.0663,0.3822,0.8111,0.6685,7.11,1.1798,4,9,7.0,0.7043,0.0624,0.5483,0.825,0.7097,0.5415,0.0587,0.3935,0.6796,0.5411,5.34,0.8671,4,7,5.0,0.0002,0.0,0.0001,0.0003,0.0002,36.236,10.8661,12.2,61.8,34.55,0.6338,0.0482,0.5283,0.7743,0.6354,73.8438,9.9823,56.4853,100.9148,72.387,10.2946,2.4907,5.0102,15.8919,9.9429,1.4381,0.1925,0.9846,1.8462,1.4166,0.0037,0.021,0.0,0.1429,0.0,29.5746,6.2399,17.4965,45.1736,29.026,0.2438,0.1499,0.0,0.625,0.25,1.0927,0.1443,0.846,1.4771,1.0807,73.8438,9.9823,56.4853,100.9148,72.387,12.2159,2.7506,6.7547,19.0338,12.0268,1.7127,0.2145,1.3074,2.3792,1.7069,0.0,0.0,0.0,0.0,0.0
3,time_efficient,10.475,0.0,10.475,10.475,10.475,0.7914,0.0,0.7914,0.7914,0.7914,6.0,0.0,6,6,6.0,0.7672,0.0,0.7672,0.7672,0.7672,0.5728,0.0,0.5728,0.5728,0.5728,6.0,0.0,6,6,6.0,0.0002,0.0,0.0002,0.0002,0.0002,29.1,0.0,29.1,29.1,29.1,0.785,0.0,0.785,0.785,0.785,65.3575,0.0,65.3575,65.3575,65.3575,8.605,0.0,8.605,8.605,8.605,1.4342,0.0,1.4342,1.4342,1.4342,0.0,0.0,0.0,0.0,0.0,23.2778,0.0,23.2778,23.2778,23.2778,0.8333,0.0,0.8333,0.8333,0.8333,0.9825,0.0,0.9825,0.9825,0.9825,65.3575,0.0,65.3575,65.3575,65.3575,9.4925,0.0,9.4925,9.4925,9.4925,1.5821,0.0,1.5821,1.5821,1.5821,0.0,0.0,0.0,0.0,0.0
4,balanced,12.5908,0.0,12.5908,12.5908,12.5908,0.8075,0.0,0.8075,0.8075,0.8075,7.0,0.0,7,7,7.0,0.7202,0.0,0.7202,0.7202,0.7202,0.556,0.0,0.556,0.556,0.556,5.0,0.0,5,5,5.0,0.0002,0.0,0.0002,0.0003,0.0002,23.5,0.0,23.5,23.5,23.5,0.6371,0.0,0.6371,0.6371,0.6371,72.387,0.0,72.387,72.387,72.387,8.2587,0.0,8.2587,8.2587,8.2587,1.1798,0.0,1.1798,1.1798,1.1798,0.0,0.0,0.0,0.0,0.0,27.9796,0.0,27.9796,27.9796,27.9796,0.4286,0.0,0.4286,0.4286,0.4286,1.0855,0.0,1.0855,1.0855,1.0855,72.387,0.0,72.387,72.387,72.387,11.5053,0.0,11.5053,11.5053,11.5053,1.6436,0.0,1.6436,1.6436,1.6436,0.0,0.0,0.0,0.0,0.0
4,category_diverse,15.6335,0.0,15.6335,15.6335,15.6335,0.691,0.0,0.691,0.691,0.691,9.0,0.0,9,9,9.0,0.6526,0.0,0.6526,0.6526,0.6526,0.5757,0.0,0.5757,0.5757,0.5757,8.0,0.0,8,8,8.0,0.0003,0.0,0.0003,0.0003,0.0003,36.0,0.0,36.0,36.0,36.0,0.6278,0.0,0.6278,0.6278,0.6278,89.3575,0.0,89.3575,89.3575,89.3575,11.832,0.0,11.832,11.832,11.832,1.3147,0.0,1.3147,1.3147,1.3147,0.0,0.0,0.0,0.0,0.0,34.741,0.0,34.741,34.741,34.741,0.2222,0.0,0.2222,0.2222,0.2222,1.3028,0.0,1.3028,1.3028,1.3028,89.3575,0.0,89.3575,89.3575,89.3575,14.3307,0.0,14.3307,14.3307,14.3307,1.5923,0.0,1.5923,1.5923,1.5923,0.0,0.0,0.0,0.0,0.0
4,high_preference,13.8859,0.0,13.8859,13.8859,13.8859,0.8406,0.0,0.8406,0.8406,0.8406,8.0,0.0,8,8,8.0,0.6914,0.0,0.6914,0.6914,0.6914,0.5761,0.0,0.5761,0.5761,0.5761,6.0,0.0,6,6,6.0,0.0002,0.0,0.0002,0.0003,0.0002,29.3,0.0,29.3,29.3,29.3,0.7463,0.0,0.7463,0.7463,0.7463,77.3575,0.0,77.3575,77.3575,77.3575,10.9685,0.0,10.9685,10.9685,10.9685,1.3711,0.0,1.3711,1.3711,1.3711,0.0,0.0,0.0,0.0,0.0,30.8575,0.0,30.8575,30.8575,30.8575,0.375,0.0,0.375,0.375,0.375,1.1371,0.0,1.1371,1.1371,1.1371,77.3575,0.0,77.3575,77.3575,77.3575,12.7488,0.0,12.7488,12.7488,12.7488,1.5936,0.0,1.5936,1.5936,1.5936,0.0,0.0,0.0,0.0,0.0
4,mixed,11.7449,1.4644,9.0887,14.7892,11.6857,0.7961,0.0495,0.679,0.9008,0.8078,7.15,0.5752,6,8,7.0,0.739,0.0325,0.6714,0.798,0.7403,0.614,0.0553,0.5137,0.697,0.6258,5.88,0.6709,5,7,6.0,0.0002,0.0,0.0002,0.0003,0.0002,28.835,6.9053,15.8,44.8,28.5,0.7544,0.0366,0.6757,0.83,0.7502,72.7077,5.7549,65.3575,89.3575,72.387,9.8091,1.4723,6.558,12.8166,9.7448,1.3702,0.1626,0.9953,1.6745,1.3603,0.0038,0.0214,0.0,0.125,0.0,26.0997,3.2542,20.1971,32.8649,25.9682,0.5038,0.1143,0.375,0.8571,0.4643,1.0769,0.0772,0.965,1.2977,1.0851,72.7077,5.7549,65.3575,89.3575,72.387,10.668,1.438,8.0948,13.7041,10.6453,1.4909,0.151,1.2725,1.8013,1.4592,0.0,0.0,0.0,0.0,0.0
4,random,15.4425,3.0818,9.1172,22.536,15.2647,0.6812,0.0532,0.563,0.8205,0.6794,8.28,1.2798,4,11,8.0,0.6568,0.0685,0.4992,0.7974,0.6608,0.5437,0.0629,0.4202,0.6887,0.5439,5.74,0.9911,3,8,6.0,0.0002,0.0,0.0002,0.0004,0.0002,40.083,11.166,13.0,72.8,39.2,0.6224,0.0485,0.5217,0.7411,0.6265,81.4238,11.8857,58.8754,111.2987,80.8723,11.5409,2.652,3.87,19.4337,11.735,1.3836,0.1828,0.967,1.7858,1.3572,0.0032,0.0182,0.0,0.125,0.0,34.3167,6.8485,20.2604,50.08,33.9216,0.2353,0.1552,0.0,0.6667,0.25,1.2067,0.1731,0.8825,1.6452,1.1868,81.4238,11.8857,58.8754,111.2987,80.8723,14.2358,3.0108,8.0356,21.0878,14.0822,1.7164,0.223,1.2736,2.2472,1.696,0.0,0.0,0.0,0.0,0.0
4,time_efficient,16.7803,0.0,16.7803,16.7803,16.7803,0.7182,0.0,0.7182,0.7182,0.7182,8.0,0.0,8,8,8.0,0.6271,0.0,0.6271,0.6271,0.6271,0.4767,0.0,0.4767,0.4767,0.4767,5.0,0.0,5,5,5.0,0.0002,0.0,0.0002,0.0004,0.0002,49.3,0.0,49.3,49.3,49.3,0.6888,0.0,0.6888,0.6888,0.6888,77.3575,0.0,77.3575,77.3575,77.3575,12.9743,0.0,12.9743,12.9743,12.9743,1.6218,0.0,1.6218,1.6218,1.6218,0.0,0.0,0.0,0.0,0.0,37.2896,0.0,37.2896,37.2896,37.2896,0.5,0.0,0.5,0.5,0.5,1.1625,0.0,1.1625,1.1625,1.1625,77.3575,0.0,77.3575,77.3575,77.3575,15.6178,0.0,15.6178,15.6178,15.6178,1.9522,0.0,1.9522,1.9522,1.9522,0.0,0.0,0.0,0.0,0.0
5,balanced,17.5769,0.0,17.5769,17.5769,17.5769,0.5905,0.0,0.5905,0.5905,0.5905,8.0,0.0,8,8,8.0,0.6094,0.0,0.6094,0.6094,0.6094,0.4551,0.0,0.4551,0.4551,0.4551,6.0,0.0,6,6,6.0,0.0003,0.0,0.0003,0.0004,0.0003,27.2,0.0,27.2,27.2,27.2,0.6356,0.0,0.6356,0.6356,0.6356,84.387,0.0,84.387,84.387,84.387,10.1818,0.0,10.1818,10.1818,10.1818,1.2727,0.0,1.2727,1.2727,1.2727,0.1111,0.0,0.1111,0.1111,0.1111,39.0597,0.0,39.0597,39.0597,39.0597,0.5,0.0,0.5,0.5,0.5,1.2577,0.0,1.2577,1.2577,1.2577,84.387,0.0,84.387,84.387,84.387,16.3192,0.0,16.3192,16.3192,16.3192,2.0399,0.0,2.0399,2.0399,2.0399,0.0,0.0,0.0,0.0,0.0
5,category_diverse,17.7435,0.0,17.7435,17.7435,17.7435,0.7476,0.0,0.7476,0.7476,0.7476,10.0,0.0,10,10,10.0,0.6057,0.0,0.6057,0.6057,0.6057,0.5636,0.0,0.5636,0.5636,0.5636,8.0,0.0,8,8,8.0,0.0003,0.0,0.0003,0.0004,0.0003,45.2,0.0,45.2,45.2,45.2,0.669,0.0,0.669,0.669,0.669,89.3575,0.0,89.3575,89.3575,89.3575,13.0345,0.0,13.0345,13.0345,13.0345,1.3034,0.0,1.3034,1.3034,1.3034,0.0,0.0,0.0,0.0,0.0,39.43,0.0,39.43,39.43,39.43,0.5,0.0,0.5,0.5,0.5,1.3229,0.0,1.3229,1.3229,1.3229,89.3575,0.0,89.3575,89.3575,89.3575,16.4207,0.0,16.4207,16.4207,16.4207,1.6421,0.0,1.6421,1.6421,1.6421,0.0,0.0,0.0,0.0,0.0
5,high_preference,15.2306,0.0,15.2306,15.2306,15.2306,0.8703,0.0,0.8703,0.8703,0.8703,9.0,0.0,9,9,9.0,0.6615,0.0,0.6615,0.6615,0.6615,0.5909,0.0,0.5909,0.5909,0.5909,6.0,0.0,6,6,6.0,0.0003,0.0,0.0003,0.0004,0.0003,33.5,0.0,33.5,33.5,33.5,0.7633,0.0,0.7633,0.7633,0.7633,77.3575,0.0,77.3575,77.3575,77.3575,12.3005,0.0,12.3005,12.3005,12.3005,1.3667,0.0,1.3667,1.3667,1.3667,0.0,0.0,0.0,0.0,0.0,33.8458,0.0,33.8458,33.8458,33.8458,0.4444,0.0,0.4444,0.4444,0.4444,1.1498,0.0,1.1498,1.1498,1.1498,77.3575,0.0,77.3575,77.3575,77.3575,14.0808,0.0,14.0808,14.0808,14.0808,1.5645,0.0,1.5645,1.5645,1.5645,0.0,0.0,0.0,0.0,0.0
5,mixed,13.9476,2.0974,9.2981,19.4398,13.61,0.7701,0.0584,0.6286,0.9008,0.7896,8.27,1.1179,6,10,8.0,0.6901,0.0466,0.568,0.7934,0.6976,0.5967,0.0545,0.5027,0.6949,0.6043,6.1,0.7035,5,8,6.0,0.0003,0.0,0.0003,0.0004,0.0003,35.37,8.0256,15.8,50.7,33.3,0.7338,0.0364,0.667,0.83,0.7311,80.3826,9.1076,65.3575,104.8723,80.8723,11.4314,1.7384,6.9673,15.3716,11.7552,1.3868,0.1557,0.9953,1.6547,1.3441,0.0049,0.0243,0.0,0.1429,0.0,30.9946,4.6608,20.6625,43.1997,30.2444,0.4835,0.1133,0.3,0.8571,0.4722,1.1914,0.1291,0.965,1.5253,1.1847,80.3826,9.1076,65.3575,104.8723,80.8723,12.7562,2.0146,8.3332,18.0394,12.4788,1.5446,0.1516,1.3158,1.8039,1.5105,0.0,0.0,0.0,0.0,0.0
5,random,16.9871,3.3323,9.5562,25.6418,16.6361,0.6668,0.0676,0.4429,0.8208,0.6689,8.95,1.4933,6,13,9.0,0.6225,0.0741,0.4302,0.7876,0.6303,0.5338,0.0665,0.3948,0.7254,0.5343,5.88,1.0178,3,8,6.0,0.0003,0.0001,0.0003,0.0005,0.0003,43.732,11.8826,21.2,75.7,41.3,0.6239,0.0501,0.47,0.75,0.6233,88.9883,12.181,65.3575,114.8134,88.0952,12.584,2.8587,6.9607,20.8729,12.3525,1.4002,0.1753,1.0197,1.7792,1.3719,0.0155,0.0376,0.0,0.1429,0.0,37.7491,7.4052,21.2359,56.9818,36.9692,0.2402,0.1455,0.0,0.6,0.25,1.3203,0.1763,0.9632,1.6989,1.304,88.9883,12.181,65.3575,114.8134,88.0952,15.6668,3.2414,8.4513,24.1298,15.3808,1.7522,0.2323,1.2139,2.3299,1.7154,0.0,0.0,0.0,0.0,0.0
5,time_efficient,15.3428,0.0,15.3428,15.3428,15.3428,0.7744,0.0,0.7744,0.7744,0.7744,9.0,0.0,9,9,9.0,0.659,0.0,0.659,0.659,0.659,0.5866,0.0,0.5866,0.5866,0.5866,7.0,0.0,7,7,7.0,0.0003,0.0,0.0003,0.0004,0.0003,39.6,0.0,39.6,39.6,39.6,0.6644,0.0,0.6644,0.6644,0.6644,97.8428,0.0,97.8428,97.8428,97.8428,11.2498,0.0,11.2498,11.2498,11.2498,1.25,0.0,1.25,1.25,1.25,0.0,0.0,0.0,0.0,0.0,34.095,0.0,34.095,34.095,34.095,0.4444,0.0,0.4444,0.4444,0.4444,1.4494,0.0,1.4494,1.4494,1.4494,97.8428,0.0,97.8428,97.8428,97.8428,13.8933,0.0,13.8933,13.8933,13.8933,1.5437,0.0,1.5437,1.5437,1.5437,0.0,0.0,0.0,0.0,0.0
6,balanced,18.51,0.0,18.51,18.51,18.51,0.6375,0.0,0.6375,0.6375,0.6375,9.0,0.0,9,9,9.0,0.5887,0.0,0.5887,0.5887,0.5887,0.4862,0.0,0.4862,0.4862,0.4862,6.0,0.0,6,6,6.0,0.0004,0.0,0.0004,0.0006,0.0004,29.1,0.0,29.1,29.1,29.1,0.682,0.0,0.682,0.682,0.682,84.387,0.0,84.387,84.387,84.387,11.1125,0.0,11.1125,11.1125,11.1125,1.2347,0.0,1.2347,1.2347,1.2347,0.1,0.0,0.1,0.1,0.1,41.1334,0.0,41.1334,41.1334,41.1334,0.5556,0.0,0.5556,0.5556,0.5556,1.2602,0.0,1.2602,1.2602,1.2602,84.387,0.0,84.387,84.387,84.387,17.2498,0.0,17.2498,17.2498,17.2498,1.9166,0.0,1.9166,1.9166,1.9166,0.0,0.0,0.0,0.0,0.0
6,category_diverse,17.5155,0.0,17.5155,17.5155,17.5155,0.7658,0.0,0.7658,0.7658,0.7658,10.0,0.0,10,10,10.0,0.6108,0.0,0.6108,0.6108,0.6108,0.5709,0.0,0.5709,0.5709,0.5709,7.0,0.0,7,7,7.0,0.0004,0.0,0.0004,0.0005,0.0005,48.9,0.0,48.9,48.9,48.9,0.667,0.0,0.667,0.667,0.667,89.3575,0.0,89.3575,89.3575,89.3575,12.8008,0.0,12.8008,12.8008,12.8008,1.2801,0.0,1.2801,1.2801,1.2801,0.0,0.0,0.0,0.0,0.0,38.9233,0.0,38.9233,38.9233,38.9233,0.5,0.0,0.5,0.5,0.5,1.3285,0.0,1.3285,1.3285,1.3285,89.3575,0.0,89.3575,89.3575,89.3575,16.187,0.0,16.187,16.187,16.187,1.6187,0.0,1.6187,1.6187,1.6187,0.0,0.0,0.0,0.0,0.0
6,high_preference,15.0357,0.0,15.0357,15.0357,15.0357,0.8522,0.0,0.8522,0.8522,0.8522,9.0,0.0,9,9,9.0,0.6659,0.0,0.6659,0.6659,0.6659,0.5986,0.0,0.5986,0.5986,0.5986,6.0,0.0,6,6,6.0,0.0004,0.0,0.0004,0.0005,0.0004,32.0,0.0,32.0,32.0,32.0,0.7722,0.0,0.7722,0.7722,0.7722,77.3575,0.0,77.3575,77.3575,77.3575,12.0995,0.0,12.0995,12.0995,12.0995,1.3444,0.0,1.3444,1.3444,1.3444,0.0,0.0,0.0,0.0,0.0,33.4127,0.0,33.4127,33.4127,33.4127,0.5556,0.0,0.5556,0.5556,0.5556,1.1559,0.0,1.1559,1.1559,1.1559,77.3575,0.0,77.3575,77.3575,77.3575,13.8798,0.0,13.8798,13.8798,13.8798,1.5422,0.0,1.5422,1.5422,1.5422,0.0,0.0,0.0,0.0,0.0
6,mixed,16.1699,3.0716,10.3708,26.5871,15.911,0.7461,0.0703,0.5133,0.8775,0.7557,9.29,1.3729,7,13,9.0,0.6407,0.0683,0.4092,0.7695,0.6464,0.5824,0.0666,0.4355,0.7241,0.581,6.47,0.7844,5,8,6.0,0.0005,0.0001,0.0004,0.0009,0.0004,39.165,9.7252,20.3,71.9,37.95,0.7104,0.0387,0.627,0.795,0.71,88.9532,12.2261,68.8723,121.8428,86.9117,12.5947,2.3472,7.4098,19.8253,12.5265,1.3559,0.1558,1.0227,1.8159,1.3226,0.0169,0.0379,0.0,0.125,0.0,35.9331,6.8257,23.0462,59.0824,35.3577,0.4484,0.1034,0.2727,0.75,0.4444,1.3199,0.1749,1.0211,1.8012,1.2796,88.9532,12.2261,68.8723,121.8428,86.9117,14.85,2.9479,9.3132,25.0774,14.5449,1.597,0.2004,1.2635,2.1415,1.5813,0.0,0.0,0.0,0.0,0.0
6,random,18.7902,3.2581,10.8877,30.2744,18.6968,0.6547,0.0884,0.3261,0.8363,0.6682,9.89,1.3551,6,13,10.0,0.5824,0.0724,0.3272,0.7581,0.5845,0.533,0.0651,0.387,0.7093,0.5335,6.06,0.9621,4,8,6.0,0.0005,0.0001,0.0004,0.001,0.0005,48.707,10.6989,30.0,80.9,48.4,0.6259,0.0454,0.5256,0.751,0.6217,96.2524,12.6513,65.3575,133.8428,95.8641,13.9962,2.5876,8.9985,23.1944,13.8314,1.4164,0.1804,1.0628,2.0051,1.3833,0.0232,0.046,0.0,0.1818,0.0,41.7561,7.2402,24.195,67.2765,41.5484,0.2348,0.136,0.0,0.6,0.2308,1.4296,0.1861,0.9632,1.9735,1.4303,96.2524,12.6513,65.3575,133.8428,95.8641,17.3606,3.166,9.5233,28.5048,17.0397,1.7593,0.2369,1.2712,2.4364,1.7354,0.0,0.0,0.0,0.0,0.0
6,time_efficient,15.2745,0.0,15.2745,15.2745,15.2745,0.7869,0.0,0.7869,0.7869,0.7869,9.0,0.0,9,9,9.0,0.6606,0.0,0.6606,0.6606,0.6606,0.5892,0.0,0.5892,0.5892,0.5892,7.0,0.0,7,7,7.0,0.0004,0.0,0.0004,0.0006,0.0005,37.3,0.0,37.3,37.3,37.3,0.7044,0.0,0.7044,0.7044,0.7044,97.8428,0.0,97.8428,97.8428,97.8428,11.1598,0.0,11.1598,11.1598,11.1598,1.24,0.0,1.24,1.24,1.24,0.0,0.0,0.0,0.0,0.0,33.9434,0.0,33.9434,33.9434,33.9434,0.5556,0.0,0.5556,0.5556,0.5556,1.4712,0.0,1.4712,1.4712,1.4712,97.8428,0.0,97.8428,97.8428,97.8428,13.8033,0.0,13.8033,13.8033,13.8033,1.5337,0.0,1.5337,1.5337,1.5337,0.0,0.0,0.0,0.0,0.0
7,balanced,18.51,0.0,18.51,18.51,18.51,0.6375,0.0,0.6375,0.6375,0.6375,9.0,0.0,9,9,9.0,0.5887,0.0,0.5887,0.5887,0.5887,0.4862,0.0,0.4862,0.4862,0.4862,6.0,0.0,6,6,6.0,0.0006,0.0001,0.0005,0.0017,0.0006,29.1,0.0,29.1,29.1,29.1,0.682,0.0,0.682,0.682,0.682,84.387,0.0,84.387,84.387,84.387,11.1125,0.0,11.1125,11.1125,11.1125,1.2347,0.0,1.2347,1.2347,1.2347,0.1,0.0,0.1,0.1,0.1,41.1334,0.0,41.1334,41.1334,41.1334,0.5556,0.0,0.5556,0.5556,0.5556,1.2602,0.0,1.2602,1.2602,1.2602,84.387,0.0,84.387,84.387,84.387,17.2498,0.0,17.2498,17.2498,17.2498,1.9166,0.0,1.9166,1.9166,1.9166,0.0,0.0,0.0,0.0,0.0
7,category_diverse,20.791,0.0,20.791,20.791,20.791,0.6466,0.0,0.6466,0.6466,0.6466,11.0,0.0,11,11,11.0,0.538,0.0,0.538,0.538,0.538,0.5291,0.0,0.5291,0.5291,0.5291,8.0,0.0,8,8,8.0,0.0009,0.0,0.0008,0.001,0.0009,58.2,0.0,58.2,58.2,58.2,0.695,0.0,0.695,0.695,0.695,115.8823,0.0,115.8823,115.8823,115.8823,15.654,0.0,15.654,15.654,15.654,1.4231,0.0,1.4231,1.4231,1.4231,0.0833,0.0,0.0833,0.0833,0.0833,46.2021,0.0,46.2021,46.2021,46.2021,0.5455,0.0,0.5455,0.5455,0.5455,1.6831,0.0,1.6831,1.6831,1.6831,115.8823,0.0,115.8823,115.8823,115.8823,19.1078,0.0,19.1078,19.1078,19.1078,1.7371,0.0,1.7371,1.7371,1.7371,0.0,0.0,0.0,0.0,0.0
7,high_preference,17.4817,0.0,17.4817,17.4817,17.4817,0.8862,0.0,0.8862,0.8862,0.8862,10.0,0.0,10,10,10.0,0.6115,0.0,0.6115,0.6115,0.6115,0.572,0.0,0.572,0.572,0.572,6.0,0.0,6,6,6.0,0.0006,0.0,0.0005,0.0006,0.0006,41.3,0.0,41.3,41.3,41.3,0.783,0.0,0.783,0.783,0.783,80.8723,0.0,80.8723,80.8723,80.8723,13.6177,0.0,13.6177,13.6177,13.6177,1.3618,0.0,1.3618,1.3618,1.3618,0.0,0.0,0.0,0.0,0.0,38.8483,0.0,38.8483,38.8483,38.8483,0.7,0.0,0.7,0.7,0.7,1.1962,0.0,1.1962,1.1962,1.1962,80.8723,0.0,80.8723,80.8723,80.8723,16.2855,0.0,16.2855,16.2855,16.2855,1.6286,0.0,1.6286,1.6286,1.6286,0.0,0.0,0.0,0.0,0.0
7,mixed,18.5553,3.2361,12.4321,25.8841,18.4511,0.7163,0.0822,0.5055,0.884,0.7202,10.3,1.3817,8,14,10.0,0.5877,0.0719,0.4248,0.7237,0.59,0.5617,0.0588,0.4081,0.7007,0.5608,6.7,0.7317,5,8,7.0,0.0007,0.0002,0.0005,0.0018,0.0006,44.504,9.8847,24.9,68.2,43.75,0.6967,0.0349,0.627,0.7982,0.6958,97.4632,12.9712,69.9411,130.3281,96.8935,14.0675,2.4926,8.8098,21.4886,14.0536,1.3652,0.1565,1.0719,1.9149,1.3533,0.027,0.0455,0.0,0.1818,0.0,41.234,7.1913,27.6268,57.5202,41.0025,0.4279,0.1035,0.25,0.8,0.4,1.4475,0.1868,1.0506,1.8842,1.4328,97.4632,12.9712,69.9411,130.3281,96.8935,17.1078,3.1005,11.0712,24.1893,17.0788,1.6592,0.1922,1.307,2.2711,1.6341,0.0,0.0,0.0,0.0,0.0
7,random,20.2012,3.41,12.2539,30.1557,19.347,0.656,0.0922,0.2219,0.8363,0.6722,10.62,1.3617,7,13,11.0,0.5511,0.0758,0.3299,0.7277,0.5701,0.5322,0.0628,0.3786,0.6861,0.5313,6.38,0.9825,4,9,6.0,0.0008,0.0003,0.0005,0.0017,0.0006,51.471,10.2825,32.9,75.9,50.0,0.6241,0.0446,0.5288,0.771,0.6214,102.3202,14.0784,69.9411,142.3281,101.3575,14.8923,2.5983,9.5653,20.7395,14.5816,1.4013,0.1526,1.0628,1.7283,1.3926,0.0263,0.0477,0.0,0.2308,0.0,44.8916,7.5777,27.2309,67.0127,42.9934,0.2425,0.1363,0.0,0.7,0.2404,1.5181,0.2057,1.0346,2.0975,1.4951,102.3202,14.0784,69.9411,142.3281,101.3575,18.6831,3.2941,10.843,28.5302,17.9186,1.7619,0.2282,1.344,2.4707,1.7464,0.0,0.0,0.0,0.0,0.0
7,time_efficient,21.3266,0.0,21.3266,21.3266,21.3266,0.8587,0.0,0.8587,0.8587,0.8587,13.0,0.0,13,13,13.0,0.5261,0.0,0.5261,0.5261,0.5261,0.6096,0.0,0.6096,0.6096,0.6096,7.0,0.0,7,7,7.0,0.0006,0.0,0.0006,0.0007,0.0006,47.4,0.0,47.4,47.4,47.4,0.6762,0.0,0.6762,0.6762,0.6762,118.3281,0.0,118.3281,118.3281,118.3281,15.1318,0.0,15.1318,15.1318,15.1318,1.164,0.0,1.164,1.164,1.164,0.0,0.0,0.0,0.0,0.0,47.3925,0.0,47.3925,47.3925,47.3925,0.3846,0.0,0.3846,0.3846,0.3846,1.7709,0.0,1.7709,1.7709,1.7709,118.3281,0.0,118.3281,118.3281,118.3281,19.5557,0.0,19.5557,19.5557,19.5557,1.5043,0.0,1.5043,1.5043,1.5043,0.0,0.0,0.0,0.0,0.0
8,balanced,15.8373,0.0,15.8373,15.8373,15.8373,0.919,0.0,0.919,0.919,0.919,9.0,0.0,9,9,9.0,0.6481,0.0,0.6481,0.6481,0.6481,0.5683,0.0,0.5683,0.5683,0.5683,6.0,0.0,6,6,6.0,0.0008,0.0,0.0007,0.0009,0.0008,34.4,0.0,34.4,34.4,34.4,0.7222,0.0,0.7222,0.7222,0.7222,80.8723,0.0,80.8723,80.8723,80.8723,10.4905,0.0,10.4905,10.4905,10.4905,1.1656,0.0,1.1656,1.1656,1.1656,0.0,0.0,0.0,0.0,0.0,35.194,0.0,35.194,35.194,35.194,0.6667,0.0,0.6667,0.6667,0.6667,1.2127,0.0,1.2127,1.2127,1.2127,80.8723,0.0,80.8723,80.8723,80.8723,14.6247,0.0,14.6247,14.6247,14.6247,1.625,0.0,1.625,1.625,1.625,0.0,0.0,0.0,0.0,0.0
8,category_diverse,20.1014,0.0,20.1014,20.1014,20.1014,0.7001,0.0,0.7001,0.7001,0.7001,11.0,0.0,11,11,11.0,0.5533,0.0,0.5533,0.5533,0.5533,0.5472,0.0,0.5472,0.5472,0.5472,8.0,0.0,8,8,8.0,0.0012,0.0,0.0012,0.0014,0.0013,54.2,0.0,54.2,54.2,54.2,0.7242,0.0,0.7242,0.7242,0.7242,115.8823,0.0,115.8823,115.8823,115.8823,14.9475,0.0,14.9475,14.9475,14.9475,1.3589,0.0,1.3589,1.3589,1.3589,0.0833,0.0,0.0833,0.0833,0.0833,44.6699,0.0,44.6699,44.6699,44.6699,0.6364,0.0,0.6364,0.6364,0.6364,1.7001,0.0,1.7001,1.7001,1.7001,115.8823,0.0,115.8823,115.8823,115.8823,18.4013,0.0,18.4013,18.4013,18.4013,1.6728,0.0,1.6728,1.6728,1.6728,0.0,0.0,0.0,0.0,0.0
8,high_preference,23.2084,0.0,23.2084,23.2084,23.2084,0.6649,0.0,0.6649,0.6649,0.6649,11.0,0.0,11,11,11.0,0.4843,0.0,0.4843,0.4843,0.4843,0.474,0.0,0.474,0.474,0.474,6.0,0.0,6,6,6.0,0.0008,0.0,0.0007,0.0009,0.0008,45.5,0.0,45.5,45.5,45.5,0.7692,0.0,0.7692,0.7692,0.7692,92.8723,0.0,92.8723,92.8723,92.8723,15.969,0.0,15.969,15.969,15.969,1.4517,0.0,1.4517,1.4517,1.4517,0.0833,0.0,0.0833,0.0833,0.0833,51.5742,0.0,51.5742,51.5742,51.5742,0.7273,0.0,0.7273,0.7273,0.7273,1.3912,0.0,1.3912,1.3912,1.3912,92.8723,0.0,92.8723,92.8723,92.8723,21.8172,0.0,21.8172,21.8172,21.8172,1.9834,0.0,1.9834,1.9834,1.9834,0.0,0.0,0.0,0.0,0.0
8,mixed,19.1366,2.4629,14.2656,24.8621,19.1591,0.7736,0.0846,0.5796,0.9382,0.798,10.93,1.2248,9,14,11.0,0.5747,0.0547,0.4475,0.683,0.5742,0.5746,0.0498,0.4715,0.6758,0.5762,7.16,0.6312,6,9,7.0,0.001,0.0004,0.0007,0.0032,0.0008,40.973,6.3194,29.1,55.6,40.7,0.6861,0.0204,0.6392,0.7245,0.69,95.7563,9.4232,77.3575,121.8428,94.3281,13.6762,1.8796,10.4905,17.9963,13.4537,1.2497,0.0784,1.1234,1.4997,1.2296,0.0211,0.037,0.0,0.1,0.0,42.5257,5.4731,31.7012,55.249,42.5759,0.4891,0.0755,0.3333,0.6667,0.5,1.4262,0.1342,1.1657,1.7844,1.4075,95.7563,9.4232,77.3575,121.8428,94.3281,17.7104,2.3749,13.076,23.2877,17.6978,1.6227,0.1552,1.3638,1.9793,1.6013,0.0,0.0,0.0,0.0,0.0
8,random,22.232,3.3385,14.4375,31.5466,22.1192,0.6551,0.0991,0.3153,0.8917,0.6702,11.62,1.3241,8,15,12.0,0.506,0.0742,0.299,0.6792,0.5085,0.5286,0.0616,0.4004,0.6921,0.5231,6.66,0.9235,5,9,7.0,0.0013,0.0005,0.0007,0.0028,0.0011,56.706,11.4386,34.7,82.8,55.05,0.6254,0.0417,0.5385,0.7355,0.6282,108.429,13.9705,80.8723,144.7739,109.6493,16.3428,2.5223,10.9058,22.8702,16.1735,1.4081,0.1593,1.1014,1.9607,1.4192,0.0261,0.0414,0.0,0.1538,0.0,49.4044,7.419,32.0834,70.1037,49.1537,0.2469,0.136,0.0,0.6364,0.25,1.6073,0.2011,1.1827,2.1219,1.6123,108.429,13.9705,80.8723,144.7739,109.6493,20.6247,3.2367,13.2548,29.7322,20.5064,1.7783,0.2176,1.2978,2.3323,1.7676,0.0,0.0,0.0,0.0,0.0
8,time_efficient,22.0788,0.0,22.0788,22.0788,22.0788,0.9063,0.0,0.9063,0.9063,0.9063,13.0,0.0,13,13,13.0,0.5094,0.0,0.5094,0.5094,0.5094,0.5888,0.0,0.5888,0.5888,0.5888,7.0,0.0,7,7,7.0,0.0019,0.0001,0.0017,0.0021,0.0019,48.9,0.0,48.9,48.9,48.9,0.7223,0.0,0.7223,0.7223,0.7223,120.7739,0.0,120.7739,120.7739,120.7739,15.8418,0.0,15.8418,15.8418,15.8418,1.2186,0.0,1.2186,1.2186,1.2186,0.0,0.0,0.0,0.0,0.0,49.064,0.0,49.064,49.064,49.064,0.5385,0.0,0.5385,0.5385,0.5385,1.8131,0.0,1.8131,1.8131,1.8131,120.7739,0.0,120.7739,120.7739,120.7739,20.2657,0.0,20.2657,20.2657,20.2657,1.5589,0.0,1.5589,1.5589,1.5589,0.0,0.0,0.0,0.0,0.0
9,balanced,21.7084,0.0,21.7084,21.7084,21.7084,0.9477,0.0,0.9477,0.9477,0.9477,12.0,0.0,12,12,12.0,0.5176,0.0,0.5176,0.5176,0.5176,0.5528,0.0,0.5528,0.5528,0.5528,6.0,0.0,6,6,6.0,0.0024,0.0001,0.0023,0.0027,0.0024,44.1,0.0,44.1,44.1,44.1,0.7042,0.0,0.7042,0.7042,0.7042,103.8034,0.0,103.8034,103.8034,103.8034,14.2418,0.0,14.2418,14.2418,14.2418,1.1868,0.0,1.1868,1.1868,1.1868,0.0,0.0,0.0,0.0,0.0,48.2409,0.0,48.2409,48.2409,48.2409,0.5833,0.0,0.5833,0.5833,0.5833,1.5521,0.0,1.5521,1.5521,1.5521,103.8034,0.0,103.8034,103.8034,103.8034,20.1563,0.0,20.1563,20.1563,20.1563,1.6797,0.0,1.6797,1.6797,1.6797,0.0,0.0,0.0,0.0,0.0
9,category_diverse,21.0344,0.0,21.0344,21.0344,21.0344,0.7206,0.0,0.7206,0.7206,0.7206,11.0,0.0,11,11,11.0,0.5326,0.0,0.5326,0.5326,0.5326,0.523,0.0,0.523,0.523,0.523,7.0,0.0,7,7,7.0,0.0011,0.0,0.001,0.0012,0.0011,53.7,0.0,53.7,53.7,53.7,0.6825,0.0,0.6825,0.6825,0.6825,106.3281,0.0,106.3281,106.3281,106.3281,14.5,0.0,14.5,14.5,14.5,1.3182,0.0,1.3182,1.3182,1.3182,0.0833,0.0,0.0833,0.0833,0.0833,46.7432,0.0,46.7432,46.7432,46.7432,0.5455,0.0,0.5455,0.5455,0.5455,1.5899,0.0,1.5899,1.5899,1.5899,106.3281,0.0,106.3281,106.3281,106.3281,19.4445,0.0,19.4445,19.4445,19.4445,1.7677,0.0,1.7677,1.7677,1.7677,0.0,0.0,0.0,0.0,0.0
9,high_preference,18.7651,0.0,18.7651,18.7651,18.7651,0.9053,0.0,0.9053,0.9053,0.9053,11.0,0.0,11,11,11.0,0.583,0.0,0.583,0.583,0.583,0.5862,0.0,0.5862,0.5862,0.5862,6.0,0.0,6,6,6.0,0.0011,0.0,0.001,0.0012,0.0011,43.5,0.0,43.5,43.5,43.5,0.78,0.0,0.78,0.78,0.78,91.8034,0.0,91.8034,91.8034,91.8034,14.7337,0.0,14.7337,14.7337,14.7337,1.3394,0.0,1.3394,1.3394,1.3394,0.0,0.0,0.0,0.0,0.0,41.7002,0.0,41.7002,41.7002,41.7002,0.7273,0.0,0.7273,0.7273,0.7273,1.3636,0.0,1.3636,1.3636,1.3636,91.8034,0.0,91.8034,91.8034,91.8034,17.4015,0.0,17.4015,17.4015,17.4015,1.582,0.0,1.582,1.582,1.582,0.0,0.0,0.0,0.0,0.0
9,mixed,21.3701,2.7026,15.6082,28.0794,21.1991,0.7526,0.0829,0.5646,0.9267,0.7691,12.07,1.32,9,15,12.0,0.5251,0.0601,0.376,0.6532,0.5289,0.5684,0.0535,0.4367,0.6807,0.568,7.24,0.6215,6,9,7.0,0.0017,0.0009,0.001,0.0043,0.0016,46.674,7.4049,32.3,65.8,45.25,0.6751,0.0212,0.6079,0.7264,0.6758,104.9729,11.2325,78.4264,133.8428,103.8428,15.24,1.8947,11.9355,20.4504,15.1144,1.2637,0.0915,1.0296,1.4997,1.2435,0.0253,0.0375,0.0,0.1,0.0,47.4891,6.0058,34.6849,62.3986,47.1091,0.454,0.0832,0.2857,0.7,0.4545,1.5598,0.162,1.174,1.9743,1.5476,104.9729,11.2325,78.4264,133.8428,103.8428,19.8103,2.5978,14.4342,26.2938,19.6098,1.6456,0.1697,1.3534,2.1526,1.625,0.0,0.0,0.0,0.0,0.0
9,random,23.8336,3.4969,17.5152,30.7518,23.5656,0.6587,0.0945,0.373,0.8642,0.6757,12.45,1.4521,9,17,12.0,0.4704,0.0777,0.3166,0.6108,0.4763,0.5279,0.0603,0.3969,0.6649,0.5267,6.76,0.9653,4,9,7.0,0.0018,0.0008,0.001,0.0046,0.0017,60.196,10.7976,38.5,90.3,59.5,0.6236,0.0409,0.5373,0.7325,0.6225,114.6092,16.5563,81.9411,153.2592,114.8134,17.3615,2.5314,11.5908,24.5916,16.7332,1.3968,0.143,1.0537,1.7493,1.393,0.0253,0.0417,0.0,0.1667,0.0,52.9636,7.7709,38.9226,68.3374,52.3681,0.2489,0.1245,0.0,0.6,0.25,1.7024,0.2403,1.2074,2.2464,1.6925,114.6092,16.5563,81.9411,153.2592,114.8134,22.1312,3.3498,16.0908,28.8768,21.9205,1.7824,0.2192,1.3705,2.3772,1.763,0.0,0.0,0.0,0.0,0.0
9,time_efficient,22.0788,0.0,22.0788,22.0788,22.0788,0.9063,0.0,0.9063,0.9063,0.9063,13.0,0.0,13,13,13.0,0.5094,0.0,0.5094,0.5094,0.5094,0.5888,0.0,0.5888,0.5888,0.5888,7.0,0.0,7,7,7.0,0.0025,0.0,0.0023,0.0027,0.0025,48.9,0.0,48.9,48.9,48.9,0.7223,0.0,0.7223,0.7223,0.7223,120.7739,0.0,120.7739,120.7739,120.7739,15.8418,0.0,15.8418,15.8418,15.8418,1.2186,0.0,1.2186,1.2186,1.2186,0.0,0.0,0.0,0.0,0.0,49.064,0.0,49.064,49.064,49.064,0.5385,0.0,0.5385,0.5385,0.5385,1.8131,0.0,1.8131,1.8131,1.8131,120.7739,0.0,120.7739,120.7739,120.7739,20.2657,0.0,20.2657,20.2657,20.2657,1.5589,0.0,1.5589,1.5589,1.5589,0.0,0.0,0.0,0.0,0.0
10,balanced,21.7084,0.0,21.7084,21.7084,21.7084,0.9477,0.0,0.9477,0.9477,0.9477,12.0,0.0,12,12,12.0,0.5176,0.0,0.5176,0.5176,0.5176,0.5528,0.0,0.5528,0.5528,0.5528,6.0,0.0,6,6,6.0,0.0034,0.0011,0.003,0.0143,0.0032,44.1,0.0,44.1,44.1,44.1,0.7042,0.0,0.7042,0.7042,0.7042,103.8034,0.0,103.8034,103.8034,103.8034,14.2418,0.0,14.2418,14.2418,14.2418,1.1868,0.0,1.1868,1.1868,1.1868,0.0,0.0,0.0,0.0,0.0,48.2409,0.0,48.2409,48.2409,48.2409,0.5833,0.0,0.5833,0.5833,0.5833,1.5521,0.0,1.5521,1.5521,1.5521,103.8034,0.0,103.8034,103.8034,103.8034,20.1563,0.0,20.1563,20.1563,20.1563,1.6797,0.0,1.6797,1.6797,1.6797,0.0,0.0,0.0,0.0,0.0
10,category_diverse,22.0772,0.0,22.0772,22.0772,22.0772,0.5829,0.0,0.5829,0.5829,0.5829,11.0,0.0,11,11,11.0,0.5094,0.0,0.5094,0.5094,0.5094,0.4983,0.0,0.4983,0.4983,0.4983,8.0,0.0,8,8,8.0,0.0014,0.0,0.0013,0.0015,0.0014,57.8,0.0,57.8,57.8,57.8,0.7162,0.0,0.7162,0.7162,0.7162,111.2987,0.0,111.2987,111.2987,111.2987,16.2545,0.0,16.2545,16.2545,16.2545,1.4777,0.0,1.4777,1.4777,1.4777,0.1538,0.0,0.1538,0.1538,0.1538,49.0605,0.0,49.0605,49.0605,49.0605,0.6364,0.0,0.6364,0.6364,0.6364,1.6689,0.0,1.6689,1.6689,1.6689,111.2987,0.0,111.2987,111.2987,111.2987,20.4083,0.0,20.4083,20.4083,20.4083,1.8553,0.0,1.8553,1.8553,1.8553,0.0,0.0,0.0,0.0,0.0
10,high_preference,17.8773,0.0,17.8773,17.8773,17.8773,0.8673,0.0,0.8673,0.8673,0.8673,11.0,0.0,11,11,11.0,0.6027,0.0,0.6027,0.6027,0.6027,0.6153,0.0,0.6153,0.6153,0.6153,6.0,0.0,6,6,6.0,0.0014,0.0,0.0013,0.0015,0.0014,37.0,0.0,37.0,37.0,37.0,0.7745,0.0,0.7745,0.7745,0.7745,96.7739,0.0,96.7739,96.7739,96.7739,14.6622,0.0,14.6622,14.6622,14.6622,1.3329,0.0,1.3329,1.3329,1.3329,0.0,0.0,0.0,0.0,0.0,39.7273,0.0,39.7273,39.7273,39.7273,0.6364,0.0,0.6364,0.6364,0.6364,1.4348,0.0,1.4348,1.4348,1.4348,96.7739,0.0,96.7739,96.7739,96.7739,16.4425,0.0,16.4425,16.4425,16.4425,1.4948,0.0,1.4948,1.4948,1.4948,0.0,0.0,0.0,0.0,0.0
10,mixed,23.1007,3.206,16.4535,30.4097,22.7469,0.751,0.0798,0.5794,0.9083,0.7638,13.05,1.5464,10,17,13.0,0.4867,0.0712,0.3242,0.6344,0.4945,0.569,0.0536,0.4604,0.6686,0.5741,7.3,0.659,6,9,7.0,0.0027,0.0014,0.0013,0.0074,0.0024,51.533,8.0674,36.7,75.3,51.1,0.6668,0.0228,0.6162,0.7264,0.6672,111.9419,14.0132,84.387,149.7445,110.9117,16.4997,2.1909,11.4705,21.2323,16.5384,1.2652,0.0921,1.0672,1.4848,1.2449,0.0213,0.0337,0.0,0.0833,0.0,51.3349,7.1244,36.5632,67.5772,50.5486,0.4255,0.089,0.25,0.7273,0.4167,1.6642,0.203,1.2583,2.1895,1.6583,111.9419,14.0132,84.387,149.7445,110.9117,21.4365,3.0683,15.1805,28.6358,21.0397,1.6457,0.1684,1.3776,2.0454,1.6179,0.0,0.0,0.0,0.0,0.0
10,random,25.5918,3.9029,17.7948,35.4996,25.3805,0.6615,0.095,0.4037,0.8407,0.6762,13.37,1.4951,11,17,13.0,0.4313,0.0867,0.2111,0.6046,0.436,0.5284,0.0583,0.3996,0.6744,0.5309,6.88,0.9564,4,9,7.0,0.0027,0.0013,0.0013,0.0061,0.0025,63.464,11.5669,39.9,92.0,62.55,0.6185,0.0404,0.5385,0.715,0.6186,121.4397,15.3927,85.4558,154.3281,121.8428,18.4048,2.833,13.4605,25.0411,18.2124,1.3761,0.1415,1.1083,1.8464,1.3756,0.0254,0.0393,0.0,0.1333,0.0,56.8708,8.6731,39.5439,78.888,56.4012,0.2395,0.1175,0.0,0.5455,0.2426,1.8044,0.2235,1.2768,2.2963,1.8091,121.4397,15.3927,85.4558,154.3281,121.8428,23.7875,3.769,16.1567,33.2033,23.7958,1.7803,0.212,1.3464,2.3618,1.7558,0.0,0.0,0.0,0.0,0.0
10,time_efficient,24.9605,0.0,24.9605,24.9605,24.9605,0.8784,0.0,0.8784,0.8784,0.8784,15.0,0.0,15,15,15.0,0.4453,0.0,0.4453,0.4453,0.4453,0.6009,0.0,0.6009,0.6009,0.6009,7.0,0.0,7,7,7.0,0.0033,0.0,0.0031,0.0034,0.0033,56.5,0.0,56.5,56.5,56.5,0.7107,0.0,0.7107,0.7107,0.7107,129.2592,0.0,129.2592,129.2592,129.2592,18.5727,0.0,18.5727,18.5727,18.5727,1.2382,0.0,1.2382,1.2382,1.2382,0.0,0.0,0.0,0.0,0.0,55.4678,0.0,55.4678,55.4678,55.4678,0.4667,0.0,0.4667,0.4667,0.4667,1.964,0.0,1.964,1.964,1.964,129.2592,0.0,129.2592,129.2592,129.2592,22.9965,0.0,22.9965,22.9965,22.9965,1.5331,0.0,1.5331,1.5331,1.5331,0.0,0.0,0.0,0.0,0.0
11,balanced,23.1942,0.0,23.1942,23.1942,23.1942,0.9476,0.0,0.9476,0.9476,0.9476,13.0,0.0,13,13,13.0,0.4846,0.0,0.4846,0.4846,0.4846,0.5605,0.0,0.5605,0.5605,0.5605,6.0,0.0,6,6,6.0,0.0041,0.0001,0.0038,0.0043,0.0041,46.9,0.0,46.9,46.9,46.9,0.7131,0.0,0.7131,0.7131,0.7131,107.3181,0.0,107.3181,107.3181,107.3181,15.6885,0.0,15.6885,15.6885,15.6885,1.2068,0.0,1.2068,1.2068,1.2068,0.0,0.0,0.0,0.0,0.0,51.5427,0.0,51.5427,51.5427,51.5427,0.6154,0.0,0.6154,0.6154,0.6154,1.5912,0.0,1.5912,1.5912,1.5912,107.3181,0.0,107.3181,107.3181,107.3181,21.603,0.0,21.603,21.603,21.603,1.6618,0.0,1.6618,1.6618,1.6618,0.0,0.0,0.0,0.0,0.0
11,category_diverse,23.4872,0.0,23.4872,23.4872,23.4872,0.5689,0.0,0.5689,0.5689,0.5689,12.0,0.0,12,12,12.0,0.4781,0.0,0.4781,0.4781,0.4781,0.5109,0.0,0.5109,0.5109,0.5109,8.0,0.0,8,8,8.0,0.0021,0.0,0.002,0.0023,0.0021,62.0,0.0,62.0,62.0,62.0,0.7293,0.0,0.7293,0.7293,0.7293,114.8134,0.0,114.8134,114.8134,114.8134,17.5865,0.0,17.5865,17.5865,17.5865,1.4655,0.0,1.4655,1.4655,1.4655,0.1429,0.0,0.1429,0.1429,0.1429,52.1939,0.0,52.1939,52.1939,52.1939,0.6667,0.0,0.6667,0.6667,0.6667,1.7469,0.0,1.7469,1.7469,1.7469,114.8134,0.0,114.8134,114.8134,114.8134,21.7403,0.0,21.7403,21.7403,21.7403,1.8117,0.0,1.8117,1.8117,1.8117,0.0,0.0,0.0,0.0,0.0
11,high_preference,19.8548,0.0,19.8548,19.8548,19.8548,0.8184,0.0,0.8184,0.8184,0.8184,12.0,0.0,12,12,12.0,0.5588,0.0,0.5588,0.5588,0.5588,0.6044,0.0,0.6044,0.6044,0.6044,6.0,0.0,6,6,6.0,0.0025,0.0001,0.0024,0.0028,0.0025,42.8,0.0,42.8,42.8,42.8,0.7725,0.0,0.7725,0.7725,0.7725,105.2592,0.0,105.2592,105.2592,105.2592,16.5168,0.0,16.5168,16.5168,16.5168,1.3764,0.0,1.3764,1.3764,1.3764,0.0,0.0,0.0,0.0,0.0,44.1218,0.0,44.1218,44.1218,44.1218,0.6667,0.0,0.6667,0.6667,0.6667,1.5576,0.0,1.5576,1.5576,1.5576,105.2592,0.0,105.2592,105.2592,105.2592,18.2972,0.0,18.2972,18.2972,18.2972,1.5248,0.0,1.5248,1.5248,1.5248,0.0,0.0,0.0,0.0,0.0
11,mixed,25.147,3.4911,16.8693,33.254,24.8188,0.7392,0.0968,0.4694,0.9423,0.7555,13.94,1.5296,10,18,14.0,0.4412,0.0776,0.261,0.6251,0.4485,0.5593,0.0561,0.4242,0.6824,0.5663,7.37,0.6913,6,9,7.0,0.0038,0.0021,0.0017,0.0096,0.0031,56.226,8.7592,37.5,80.0,55.75,0.66,0.0224,0.6114,0.7117,0.6603,119.2203,14.4696,84.387,157.8428,118.3281,17.7749,2.3147,11.4705,22.3278,18.0444,1.2757,0.1045,1.0606,1.6277,1.2549,0.0248,0.0363,0.0,0.1333,0.0,55.8822,7.758,37.4873,73.8979,55.1528,0.4034,0.0863,0.25,0.6667,0.4,1.7731,0.2096,1.2646,2.352,1.766,119.2203,14.4696,84.387,157.8428,118.3281,23.3739,3.3518,15.6047,31.2903,23.1089,1.6793,0.1873,1.3427,2.2133,1.6381,0.0,0.0,0.0,0.0,0.0
11,random,27.2416,3.8856,19.5789,35.7994,27.6978,0.6564,0.0981,0.4037,0.8343,0.6707,14.14,1.4286,11,17,14.0,0.3946,0.0863,0.2045,0.5649,0.3845,0.5246,0.0547,0.3967,0.6569,0.5275,7.08,0.9606,5,10,7.0,0.0039,0.002,0.0017,0.0101,0.0036,67.239,11.4049,35.9,96.8,68.25,0.616,0.0392,0.5385,0.7236,0.6183,127.6226,15.1448,90.4264,162.8134,127.3478,19.421,2.6885,12.9737,26.7806,19.1206,1.3734,0.1309,1.0811,1.6351,1.3719,0.0295,0.0395,0.0,0.1333,0.0,60.5369,8.6348,43.5087,79.5542,61.5507,0.2356,0.1117,0.0,0.5455,0.25,1.8992,0.2223,1.3481,2.4034,1.9098,127.6226,15.1448,90.4264,162.8134,127.3478,25.3424,3.7507,17.7953,33.6049,25.7165,1.7931,0.2049,1.3939,2.376,1.7541,0.0,0.0,0.0,0.0,0.0
11,time_efficient,26.6485,0.0,26.6485,26.6485,26.6485,0.8558,0.0,0.8558,0.8558,0.8558,15.0,0.0,15,15,15.0,0.4078,0.0,0.4078,0.4078,0.4078,0.5629,0.0,0.5629,0.5629,0.5629,7.0,0.0,7,7,7.0,0.0037,0.0,0.0036,0.0039,0.0037,62.7,0.0,62.7,62.7,62.7,0.712,0.0,0.712,0.712,0.712,132.3312,0.0,132.3312,132.3312,132.3312,19.7653,0.0,19.7653,19.7653,19.7653,1.3177,0.0,1.3177,1.3177,1.3177,0.0,0.0,0.0,0.0,0.0,59.2189,0.0,59.2189,59.2189,59.2189,0.4667,0.0,0.4667,0.4667,0.4667,1.9767,0.0,1.9767,1.9767,1.9767,132.3312,0.0,132.3312,132.3312,132.3312,24.6718,0.0,24.6718,24.6718,24.6718,1.6448,0.0,1.6448,1.6448,1.6448,0.0,0.0,0.0,0.0,0.0
12,balanced,27.6375,0.0,27.6375,27.6375,27.6375,0.7175,0.0,0.7175,0.7175,0.7175,13.0,0.0,13,13,13.0,0.3858,0.0,0.3858,0.3858,0.3858,0.4704,0.0,0.4704,0.4704,0.4704,6.0,0.0,6,6,6.0,0.0022,0.0,0.0021,0.0023,0.0022,48.9,0.0,48.9,48.9,48.9,0.7086,0.0,0.7086,0.7086,0.7086,108.387,0.0,108.387,108.387,108.387,16.9238,0.0,16.9238,16.9238,16.9238,1.3018,0.0,1.3018,1.3018,1.3018,0.0714,0.0,0.0714,0.0714,0.0714,61.4167,0.0,61.4167,61.4167,61.4167,0.6154,0.0,0.6154,0.6154,0.6154,1.6189,0.0,1.6189,1.6189,1.6189,108.387,0.0,108.387,108.387,108.387,26.0187,0.0,26.0187,26.0187,26.0187,2.0014,0.0,2.0014,2.0014,2.0014,0.0,0.0,0.0,0.0,0.0
12,category_diverse,26.54,0.0,26.54,26.54,26.54,0.7419,0.0,0.7419,0.7419,0.7419,14.0,0.0,14,14,14.0,0.4102,0.0,0.4102,0.4102,0.4102,0.5275,0.0,0.5275,0.5275,0.5275,8.0,0.0,8,8,8.0,0.0027,0.0001,0.0026,0.0029,0.0027,64.5,0.0,64.5,64.5,64.5,0.714,0.0,0.714,0.714,0.714,129.2592,0.0,129.2592,129.2592,129.2592,19.3385,0.0,19.3385,19.3385,19.3385,1.3813,0.0,1.3813,1.3813,1.3813,0.0667,0.0,0.0667,0.0667,0.0667,58.9777,0.0,58.9777,58.9777,58.9777,0.5714,0.0,0.5714,0.5714,0.5714,1.9673,0.0,1.9673,1.9673,1.9673,129.2592,0.0,129.2592,129.2592,129.2592,24.5727,0.0,24.5727,24.5727,24.5727,1.7552,0.0,1.7552,1.7552,1.7552,0.0,0.0,0.0,0.0,0.0
12,high_preference,21.1232,0.0,21.1232,21.1232,21.1232,0.8344,0.0,0.8344,0.8344,0.8344,13.0,0.0,13,13,13.0,0.5306,0.0,0.5306,0.5306,0.5306,0.6154,0.0,0.6154,0.6154,0.6154,6.0,0.0,6,6,6.0,0.0032,0.0,0.003,0.0034,0.0032,45.8,0.0,45.8,45.8,45.8,0.7669,0.0,0.7669,0.7669,0.7669,108.7739,0.0,108.7739,108.7739,108.7739,17.7352,0.0,17.7352,17.7352,17.7352,1.3642,0.0,1.3642,1.3642,1.3642,0.0,0.0,0.0,0.0,0.0,46.9404,0.0,46.9404,46.9404,46.9404,0.6154,0.0,0.6154,0.6154,0.6154,1.6077,0.0,1.6077,1.6077,1.6077,108.7739,0.0,108.7739,108.7739,108.7739,19.5155,0.0,19.5155,19.5155,19.5155,1.5012,0.0,1.5012,1.5012,1.5012,0.0,0.0,0.0,0.0,0.0
12,mixed,28.9288,2.7721,22.9847,36.4542,28.6619,0.7205,0.1369,0.2377,0.9462,0.7087,14.81,1.4049,12,18,15.0,0.3571,0.0616,0.1899,0.4892,0.3631,0.5145,0.0504,0.4115,0.6295,0.5183,7.75,0.6723,7,10,8.0,0.005,0.0019,0.0022,0.0116,0.0049,61.655,8.8494,47.7,89.8,60.25,0.6533,0.0198,0.6053,0.702,0.6564,125.5776,10.7449,102.4264,149.3575,125.3575,19.1348,2.3498,14.787,25.1387,18.651,1.2915,0.0941,1.0898,1.6184,1.2743,0.0487,0.0446,0.0,0.1667,0.0588,64.2863,6.1603,51.0771,81.0093,63.693,0.4045,0.0806,0.2353,0.5714,0.4118,1.8614,0.1604,1.5384,2.2067,1.8558,125.5776,10.7449,102.4264,149.3575,125.3575,27.0675,2.661,21.34,34.3787,26.7837,1.8369,0.1923,1.4725,2.2919,1.8088,0.0,0.0,0.0,0.0,0.0
12,random,28.2416,3.9141,19.4454,37.6344,28.0637,0.6585,0.1057,0.2571,0.8462,0.6758,14.82,1.5595,12,18,15.0,0.3724,0.087,0.1637,0.5679,0.3764,0.5299,0.0573,0.3988,0.6762,0.5297,7.21,1.008,5,9,7.0,0.0056,0.0029,0.0022,0.0135,0.0049,69.794,11.2939,33.6,97.3,69.1,0.6183,0.0387,0.5353,0.7223,0.6191,132.2115,14.8372,93.9411,163.8823,131.5905,20.2216,2.8036,12.313,26.0289,20.1142,1.3655,0.1382,1.0261,1.7893,1.3734,0.0299,0.0408,0.0,0.1579,0.0,62.7591,8.698,43.212,83.6319,62.3637,0.2437,0.113,0.0,0.5833,0.25,1.9665,0.2165,1.3993,2.4219,1.9705,132.2115,14.8372,93.9411,163.8823,131.5905,26.2751,3.7948,17.9083,35.2125,26.1638,1.7761,0.207,1.3658,2.3704,1.7554,0.0,0.0,0.0,0.0,0.0
12,time_efficient,27.6804,0.0,27.6804,27.6804,27.6804,0.8506,0.0,0.8506,0.8506,0.8506,16.0,0.0,16,16,16.0,0.3849,0.0,0.3849,0.3849,0.3849,0.578,0.0,0.578,0.578,0.578,7.0,0.0,7,7,7.0,0.0048,0.0,0.0047,0.0051,0.0048,66.7,0.0,66.7,66.7,66.7,0.705,0.0,0.705,0.705,0.705,135.8459,0.0,135.8459,135.8459,135.8459,20.7453,0.0,20.7453,20.7453,20.7453,1.2966,0.0,1.2966,1.2966,1.2966,0.0,0.0,0.0,0.0,0.0,61.5121,0.0,61.5121,61.5121,61.5121,0.4375,0.0,0.4375,0.4375,0.4375,2.0286,0.0,2.0286,2.0286,2.0286,135.8459,0.0,135.8459,135.8459,135.8459,25.6518,0.0,25.6518,25.6518,25.6518,1.6032,0.0,1.6032,1.6032,1.6032,0.0,0.0,0.0,0.0,0.0
13,balanced,23.1942,0.0,23.1942,23.1942,23.1942,0.9476,0.0,0.9476,0.9476,0.9476,13.0,0.0,13,13,13.0,0.4846,0.0,0.4846,0.4846,0.4846,0.5605,0.0,0.5605,0.5605,0.5605,6.0,0.0,6,6,6.0,0.0028,0.0001,0.0026,0.0031,0.0028,46.9,0.0,46.9,46.9,46.9,0.7131,0.0,0.7131,0.7131,0.7131,107.3181,0.0,107.3181,107.3181,107.3181,15.6885,0.0,15.6885,15.6885,15.6885,1.2068,0.0,1.2068,1.2068,1.2068,0.0,0.0,0.0,0.0,0.0,51.5427,0.0,51.5427,51.5427,51.5427,0.6154,0.0,0.6154,0.6154,0.6154,1.5912,0.0,1.5912,1.5912,1.5912,107.3181,0.0,107.3181,107.3181,107.3181,21.603,0.0,21.603,21.603,21.603,1.6618,0.0,1.6618,1.6618,1.6618,0.0,0.0,0.0,0.0,0.0
13,category_diverse,25.8044,0.0,25.8044,25.8044,25.8044,0.7225,0.0,0.7225,0.7225,0.7225,14.0,0.0,14,14,14.0,0.4266,0.0,0.4266,0.4266,0.4266,0.5425,0.0,0.5425,0.5425,0.5425,8.0,0.0,8,8,8.0,0.0052,0.0,0.005,0.0055,0.0052,63.5,0.0,63.5,63.5,63.5,0.7093,0.0,0.7093,0.7093,0.7093,118.3281,0.0,118.3281,118.3281,118.3281,18.8058,0.0,18.8058,18.8058,18.8058,1.3433,0.0,1.3433,1.3433,1.3433,0.0667,0.0,0.0667,0.0667,0.0667,57.3431,0.0,57.3431,57.3431,57.3431,0.5714,0.0,0.5714,0.5714,0.5714,1.7644,0.0,1.7644,1.7644,1.7644,118.3281,0.0,118.3281,118.3281,118.3281,24.04,0.0,24.04,24.04,24.04,1.7171,0.0,1.7171,1.7171,1.7171,0.0,0.0,0.0,0.0,0.0
13,high_preference,26.8985,0.0,26.8985,26.8985,26.8985,0.8557,0.0,0.8557,0.8557,0.8557,15.0,0.0,15,15,15.0,0.4023,0.0,0.4023,0.4023,0.4023,0.5577,0.0,0.5577,0.5577,0.5577,7.0,0.0,7,7,7.0,0.0039,0.0001,0.0038,0.0041,0.0039,62.0,0.0,62.0,62.0,62.0,0.742,0.0,0.742,0.742,0.742,115.8034,0.0,115.8034,115.8034,115.8034,21.0202,0.0,21.0202,21.0202,21.0202,1.4013,0.0,1.4013,1.4013,1.4013,0.0,0.0,0.0,0.0,0.0,59.7745,0.0,59.7745,59.7745,59.7745,0.6,0.0,0.6,0.6,0.6,1.7199,0.0,1.7199,1.7199,1.7199,115.8034,0.0,115.8034,115.8034,115.8034,25.1787,0.0,25.1787,25.1787,25.1787,1.6786,0.0,1.6786,1.6786,1.6786,0.0,0.0,0.0,0.0,0.0
13,mixed,30.0538,2.9445,24.2348,38.6322,30.0176,0.7314,0.1301,0.4107,0.9462,0.7622,15.59,1.4077,12,19,15.0,0.3321,0.0654,0.1415,0.4614,0.3329,0.5212,0.0464,0.4157,0.612,0.5176,7.84,0.615,7,10,8.0,0.0072,0.0031,0.0028,0.0201,0.0068,64.396,9.4838,48.2,90.4,62.15,0.6503,0.0184,0.6082,0.6931,0.6526,130.9989,11.7441,102.4264,157.8428,129.9411,20.0467,2.483,15.5937,25.7625,19.7827,1.285,0.0962,1.0567,1.5245,1.2666,0.0414,0.0427,0.0,0.1765,0.0526,66.7862,6.5433,53.8552,85.8494,66.7058,0.3832,0.0795,0.2353,0.5833,0.375,1.9448,0.1778,1.5384,2.3345,1.9272,130.9989,11.7441,102.4264,157.8428,129.9411,28.109,2.8253,22.6722,36.3422,28.0972,1.8094,0.1725,1.5212,2.275,1.8009,0.0,0.0,0.0,0.0,0.0
13,random,29.9014,4.1531,20.9125,40.1263,30.3783,0.6599,0.1055,0.2586,0.8353,0.6786,15.75,1.6041,12,20,16.0,0.3355,0.0923,0.1083,0.5353,0.3249,0.5316,0.0516,0.3681,0.6714,0.5315,7.5,1.0101,5,10,8.0,0.0073,0.0038,0.0028,0.0229,0.0062,74.509,12.1199,48.4,104.8,74.25,0.6162,0.0352,0.5385,0.7019,0.6134,138.1248,15.6761,98.9117,175.2003,138.8134,21.4819,3.0638,13.894,29.0003,21.2987,1.3622,0.1193,1.112,1.6376,1.3715,0.0276,0.0384,0.0,0.15,0.0,66.4476,9.2291,46.4723,89.1695,67.5072,0.2347,0.1033,0.0,0.4667,0.2353,2.0537,0.2316,1.4781,2.6302,2.0831,138.1248,15.6761,98.9117,175.2003,138.8134,27.8477,4.015,19.3173,37.4961,28.2622,1.7684,0.1898,1.3636,2.5746,1.7523,0.0,0.0,0.0,0.0,0.0
13,time_efficient,25.0051,0.0,25.0051,25.0051,25.0051,0.8198,0.0,0.8198,0.8198,0.8198,16.0,0.0,16,16,16.0,0.4443,0.0,0.4443,0.4443,0.4443,0.6399,0.0,0.6399,0.6399,0.6399,7.0,0.0,7,7,7.0,0.0144,0.0002,0.0142,0.0151,0.0144,58.4,0.0,58.4,58.4,58.4,0.69,0.0,0.69,0.69,0.69,137.7445,0.0,137.7445,137.7445,137.7445,18.7927,0.0,18.7927,18.7927,18.7927,1.1745,0.0,1.1745,1.1745,1.1745,0.0,0.0,0.0,0.0,0.0,55.567,0.0,55.567,55.567,55.567,0.4375,0.0,0.4375,0.4375,0.4375,2.0783,0.0,2.0783,2.0783,2.0783,137.7445,0.0,137.7445,137.7445,137.7445,22.9268,0.0,22.9268,22.9268,22.9268,1.4329,0.0,1.4329,1.4329,1.4329,0.0,0.0,0.0,0.0,0.0
14,balanced,25.129,0.0,25.129,25.129,25.129,0.9169,0.0,0.9169,0.9169,0.9169,15.0,0.0,15,15,15.0,0.4416,0.0,0.4416,0.4416,0.4416,0.5969,0.0,0.5969,0.5969,0.5969,6.0,0.0,6,6,6.0,0.0035,0.0001,0.0034,0.004,0.0035,53.4,0.0,53.4,53.4,53.4,0.6747,0.0,0.6747,0.6747,0.6747,116.8723,0.0,116.8723,116.8723,116.8723,17.4792,0.0,17.4792,17.4792,17.4792,1.1653,0.0,1.1653,1.1653,1.1653,0.0,0.0,0.0,0.0,0.0,55.8422,0.0,55.8422,55.8422,55.8422,0.5333,0.0,0.5333,0.5333,0.5333,1.7353,0.0,1.7353,1.7353,1.7353,116.8723,0.0,116.8723,116.8723,116.8723,23.3937,0.0,23.3937,23.3937,23.3937,1.5596,0.0,1.5596,1.5596,1.5596,0.0,0.0,0.0,0.0,0.0
14,category_diverse,28.5452,0.0,28.5452,28.5452,28.5452,0.5661,0.0,0.5661,0.5661,0.5661,14.0,0.0,14,14,14.0,0.3657,0.0,0.3657,0.3657,0.3657,0.4905,0.0,0.4905,0.4905,0.4905,8.0,0.0,8,8,8.0,0.0035,0.0001,0.0034,0.0037,0.0035,67.3,0.0,67.3,67.3,67.3,0.7369,0.0,0.7369,0.7369,0.7369,126.8134,0.0,126.8134,126.8134,126.8134,20.7138,0.0,20.7138,20.7138,20.7138,1.4796,0.0,1.4796,1.4796,1.4796,0.125,0.0,0.125,0.125,0.125,63.4338,0.0,63.4338,63.4338,63.4338,0.7143,0.0,0.7143,0.7143,0.7143,1.8972,0.0,1.8972,1.8972,1.8972,126.8134,0.0,126.8134,126.8134,126.8134,26.648,0.0,26.648,26.648,26.648,1.9034,0.0,1.9034,1.9034,1.9034,0.0,0.0,0.0,0.0,0.0
14,high_preference,29.6712,0.0,29.6712,29.6712,29.6712,0.8277,0.0,0.8277,0.8277,0.8277,16.0,0.0,16,16,16.0,0.3406,0.0,0.3406,0.3406,0.3406,0.5392,0.0,0.5392,0.5392,0.5392,6.0,0.0,6,6,6.0,0.0048,0.0001,0.0046,0.0051,0.0048,75.0,0.0,75.0,75.0,75.0,0.7319,0.0,0.7319,0.7319,0.7319,124.2887,0.0,124.2887,124.2887,124.2887,23.4057,0.0,23.4057,23.4057,23.4057,1.4629,0.0,1.4629,1.4629,1.4629,0.0,0.0,0.0,0.0,0.0,65.9359,0.0,65.9359,65.9359,65.9359,0.5625,0.0,0.5625,0.5625,0.5625,1.8417,0.0,1.8417,1.8417,1.8417,124.2887,0.0,124.2887,124.2887,124.2887,27.8295,0.0,27.8295,27.8295,27.8295,1.7393,0.0,1.7393,1.7393,1.7393,0.0,0.0,0.0,0.0,0.0
14,mixed,31.0183,3.2384,23.9918,39.7505,30.5694,0.7299,0.1321,0.4006,0.9251,0.7588,16.24,1.3716,14,20,16.0,0.3107,0.072,0.1167,0.4668,0.3207,0.5267,0.0477,0.4103,0.6218,0.5284,7.96,0.5671,7,9,8.0,0.0103,0.0047,0.0034,0.0257,0.0093,66.97,9.6761,49.6,91.0,66.05,0.6479,0.0202,0.6033,0.6994,0.6482,135.4822,12.0807,107.397,166.3281,134.9117,20.8095,2.5058,16.0567,27.4386,20.5937,1.2808,0.1037,1.0451,1.5467,1.2744,0.0387,0.0429,0.0,0.1667,0.0488,68.9295,7.1963,53.315,88.3345,67.932,0.3706,0.0785,0.2222,0.5625,0.375,2.013,0.1803,1.6248,2.4554,2.0181,135.4822,12.0807,107.397,166.3281,134.9117,29.0053,3.1312,22.3387,37.3918,28.6426,1.7903,0.1752,1.4856,2.3043,1.7731,0.0,0.0,0.0,0.0,0.0
14,random,31.5374,4.4414,22.8945,43.3386,31.3943,0.6623,0.1066,0.3801,0.8491,0.68,16.49,1.6237,13,21,16.5,0.2992,0.0987,0.0369,0.4912,0.3023,0.528,0.0507,0.3353,0.6414,0.5263,7.53,1.0489,5,10,8.0,0.0102,0.0053,0.0034,0.025,0.0092,79.137,13.7421,53.9,116.2,77.95,0.6161,0.0321,0.5547,0.6962,0.6186,143.5605,15.9378,98.9117,175.8823,144.2789,22.6818,3.4122,15.6188,31.1469,22.3927,1.3727,0.1289,1.0465,1.7777,1.3646,0.0268,0.0373,0.0,0.125,0.0,70.0832,9.8699,50.8767,96.3081,69.7652,0.2349,0.0982,0.0,0.4375,0.2222,2.137,0.2358,1.4781,2.5988,2.1485,143.5605,15.9378,98.9117,175.8823,144.2789,29.4005,4.293,21.4164,40.9887,29.2238,1.7834,0.2022,1.4348,2.8335,1.7659,0.0,0.0,0.0,0.0,0.0
14,time_efficient,24.1213,0.0,24.1213,24.1213,24.1213,0.854,0.0,0.854,0.854,0.854,15.0,0.0,15,15,15.0,0.464,0.0,0.464,0.464,0.464,0.6219,0.0,0.6219,0.6219,0.6219,8.0,0.0,8,8,8.0,0.0068,0.0001,0.0067,0.007,0.0068,52.6,0.0,52.6,52.6,52.6,0.6993,0.0,0.6993,0.6993,0.6993,157.4001,0.0,157.4001,157.4001,157.4001,17.558,0.0,17.558,17.558,17.558,1.1705,0.0,1.1705,1.1705,1.1705,0.0,0.0,0.0,0.0,0.0,53.6028,0.0,53.6028,53.6028,53.6028,0.4667,0.0,0.4667,0.4667,0.4667,2.3418,0.0,2.3418,2.3418,2.3418,157.4001,0.0,157.4001,157.4001,157.4001,21.7795,0.0,21.7795,21.7795,21.7795,1.452,0.0,1.452,1.452,1.452,0.0,0.0,0.0,0.0,0.0
15,balanced,26.3974,0.0,26.3974,26.3974,26.3974,0.9541,0.0,0.9541,0.9541,0.9541,16.0,0.0,16,16,16.0,0.4134,0.0,0.4134,0.4134,0.4134,0.6061,0.0,0.6061,0.6061,0.6061,6.0,0.0,6,6,6.0,0.0044,0.0001,0.0042,0.0048,0.0043,56.4,0.0,56.4,56.4,56.4,0.6762,0.0,0.6762,0.6762,0.6762,120.387,0.0,120.387,120.387,120.387,18.6975,0.0,18.6975,18.6975,18.6975,1.1686,0.0,1.1686,1.1686,1.1686,0.0,0.0,0.0,0.0,0.0,58.6608,0.0,58.6608,58.6608,58.6608,0.5,0.0,0.5,0.5,0.5,1.7854,0.0,1.7854,1.7854,1.7854,120.387,0.0,120.387,120.387,120.387,24.612,0.0,24.612,24.612,24.612,1.5382,0.0,1.5382,1.5382,1.5382,0.0,0.0,0.0,0.0,0.0
15,category_diverse,30.9266,0.0,30.9266,30.9266,30.9266,0.5827,0.0,0.5827,0.5827,0.5827,16.0,0.0,16,16,16.0,0.3127,0.0,0.3127,0.3127,0.3127,0.5174,0.0,0.5174,0.5174,0.5174,8.0,0.0,8,8,8.0,0.0045,0.0014,0.0042,0.0184,0.0043,71.7,0.0,71.7,71.7,71.7,0.7328,0.0,0.7328,0.7328,0.7328,138.8134,0.0,138.8134,138.8134,138.8134,22.9252,0.0,22.9252,22.9252,22.9252,1.4328,0.0,1.4328,1.4328,1.4328,0.1111,0.0,0.1111,0.1111,0.1111,68.7258,0.0,68.7258,68.7258,68.7258,0.6875,0.0,0.6875,0.6875,0.6875,2.0673,0.0,2.0673,2.0673,2.0673,138.8134,0.0,138.8134,138.8134,138.8134,28.8593,0.0,28.8593,28.8593,28.8593,1.8037,0.0,1.8037,1.8037,1.8037,0.0,0.0,0.0,0.0,0.0
15,high_preference,34.0833,0.0,34.0833,34.0833,34.0833,0.6675,0.0,0.6675,0.6675,0.6675,17.0,0.0,17,17,17.0,0.2426,0.0,0.2426,0.2426,0.2426,0.4988,0.0,0.4988,0.4988,0.4988,6.0,0.0,6,6,6.0,0.0154,0.0002,0.015,0.0161,0.0154,86.3,0.0,86.3,86.3,86.3,0.7317,0.0,0.7317,0.7317,0.7317,144.7739,0.0,144.7739,144.7739,144.7739,26.8171,0.0,26.8171,26.8171,26.8171,1.5775,0.0,1.5775,1.5775,1.5775,0.0556,0.0,0.0556,0.0556,0.0556,75.7406,0.0,75.7406,75.7406,75.7406,0.5882,0.0,0.5882,0.5882,0.5882,2.1423,0.0,2.1423,2.1423,2.1423,144.7739,0.0,144.7739,144.7739,144.7739,31.941,0.0,31.941,31.941,31.941,1.8789,0.0,1.8789,1.8789,1.8789,0.0,0.0,0.0,0.0,0.0
15,mixed,32.5176,2.9916,25.8613,40.8993,32.4867,0.7388,0.1237,0.4563,0.961,0.7508,17.19,1.3536,14,20,17.0,0.2774,0.0665,0.0911,0.4253,0.2781,0.5307,0.0402,0.4467,0.6119,0.5304,8.19,0.6308,7,10,8.0,0.0134,0.0063,0.0043,0.0279,0.0129,71.949,10.0018,48.8,97.2,71.7,0.6419,0.0194,0.599,0.688,0.6405,142.6942,12.0394,107.397,168.8528,142.5216,22.103,2.4657,16.9553,27.3285,22.002,1.2854,0.0969,1.0888,1.4772,1.2689,0.0345,0.037,0.0,0.1176,0.0488,72.2614,6.6479,57.4696,90.8872,72.1927,0.3461,0.0778,0.2105,0.5625,0.3333,2.1205,0.1811,1.6248,2.5436,2.1091,142.6942,12.0394,107.397,168.8528,142.5216,30.3971,2.8913,24.113,38.6502,30.3023,1.7715,0.1424,1.5078,2.1073,1.7611,0.0,0.0,0.0,0.0,0.0
15,random,32.8941,3.9222,23.2857,41.7259,32.6574,0.681,0.0953,0.4105,0.8622,0.6924,17.37,1.7095,13,22,17.0,0.269,0.0872,0.0728,0.4825,0.2743,0.5315,0.0479,0.39,0.6442,0.529,7.58,0.9866,5,10,8.0,0.0135,0.0067,0.0041,0.0329,0.0123,82.306,12.1782,54.3,106.6,82.4,0.6166,0.0297,0.5571,0.6965,0.6145,148.8777,16.5931,110.9117,181.787,149.7445,23.6936,3.0837,15.8538,30.1746,23.7311,1.3638,0.1174,1.0215,1.7662,1.3667,0.0224,0.0336,0.0,0.1579,0.0,73.0981,8.7161,51.746,92.7243,72.5721,0.2378,0.0902,0.0,0.4375,0.2313,2.2134,0.2424,1.6343,2.6699,2.2249,148.8777,16.5931,110.9117,181.787,149.7445,30.6807,3.7803,21.6514,39.3268,30.4773,1.7695,0.174,1.4351,2.421,1.7625,0.0,0.0,0.0,0.0,0.0
15,time_efficient,31.3944,0.0,31.3944,31.3944,31.3944,0.8537,0.0,0.8537,0.8537,0.8537,20.0,0.0,20,20,20.0,0.3023,0.0,0.3023,0.3023,0.3023,0.6371,0.0,0.6371,0.6371,0.6371,8.0,0.0,8,8,8.0,0.0133,0.0002,0.0129,0.0141,0.0132,71.5,0.0,71.5,71.5,71.5,0.6765,0.0,0.6765,0.6765,0.6765,161.7445,0.0,161.7445,161.7445,161.7445,23.748,0.0,23.748,23.748,23.748,1.1874,0.0,1.1874,1.1874,1.1874,0.0,0.0,0.0,0.0,0.0,69.7653,0.0,69.7653,69.7653,69.7653,0.4,0.0,0.4,0.4,0.4,2.4169,0.0,2.4169,2.4169,2.4169,161.7445,0.0,161.7445,161.7445,161.7445,28.9775,0.0,28.9775,28.9775,28.9775,1.4489,0.0,1.4489,1.4489,1.4489,0.0,0.0,0.0,0.0,0.0
